{
  "macro_f1": 0.7035776003817068,
  "report": {
    "丑": {
      "precision": 0.6624405705229794,
      "recall": 0.7301310043668122,
      "f1-score": 0.6946406314914831,
      "support": 1145.0
    },
    "净": {
      "precision": 0.6656534954407295,
      "recall": 0.6830941983780412,
      "f1-score": 0.6742610837438424,
      "support": 1603.0
    },
    "旦": {
      "precision": 0.8997093023255814,
      "recall": 0.8086218158066623,
      "f1-score": 0.8517371861025111,
      "support": 1531.0
    },
    "杂": {
      "precision": 0.4594594594594595,
      "recall": 0.5666666666666667,
      "f1-score": 0.5074626865671642,
      "support": 30.0
    },
    "生": {
      "precision": 0.7911840411840412,
      "recall": 0.7883937159345944,
      "f1-score": 0.789786414003533,
      "support": 3119.0
    },
    "accuracy": 0.7599623047926763,
    "macro avg": {
      "precision": 0.6956893737865583,
      "recall": 0.7153814802305554,
      "f1-score": 0.7035776003817068,
      "support": 7428.0
    },
    "weighted avg": {
      "precision": 0.7652771616232598,
      "recall": 0.7599623047926763,
      "f1-score": 0.7618176330231698,
      "support": 7428.0
    }
  },
  "labels": [
    "丑",
    "净",
    "旦",
    "杂",
    "生"
  ],
  "confusion_matrix": [
    [
      836,
      109,
      51,
      8,
      141
    ],
    [
      114,
      1095,
      13,
      7,
      374
    ],
    [
      132,
      29,
      1238,
      0,
      132
    ],
    [
      10,
      1,
      0,
      17,
      2
    ],
    [
      170,
      411,
      74,
      5,
      2459
    ]
  ],
  "n_train": 7428,
  "n_role_annotations": 7656,
  "n_train_instances": 7428,
  "n_inferred_instances": 15034,
  "official_classes": [
    "生",
    "旦",
    "净",
    "丑"
  ],
  "auxiliary_classes": [
    "杂"
  ],
  "instance_cv": {
    "macro_f1": 0.7035776003817068,
    "official_macro_f1": 0.7526063288353425,
    "report": {
      "丑": {
        "precision": 0.6624405705229794,
        "recall": 0.7301310043668122,
        "f1-score": 0.6946406314914831,
        "support": 1145.0
      },
      "净": {
        "precision": 0.6656534954407295,
        "recall": 0.6830941983780412,
        "f1-score": 0.6742610837438424,
        "support": 1603.0
      },
      "旦": {
        "precision": 0.8997093023255814,
        "recall": 0.8086218158066623,
        "f1-score": 0.8517371861025111,
        "support": 1531.0
      },
      "杂": {
        "precision": 0.4594594594594595,
        "recall": 0.5666666666666667,
        "f1-score": 0.5074626865671642,
        "support": 30.0
      },
      "生": {
        "precision": 0.7911840411840412,
        "recall": 0.7883937159345944,
        "f1-score": 0.789786414003533,
        "support": 3119.0
      },
      "accuracy": 0.7599623047926763,
      "macro avg": {
        "precision": 0.6956893737865583,
        "recall": 0.7153814802305554,
        "f1-score": 0.7035776003817068,
        "support": 7428.0
      },
      "weighted avg": {
        "precision": 0.7652771616232598,
        "recall": 0.7599623047926763,
        "f1-score": 0.7618176330231698,
        "support": 7428.0
      }
    },
    "labels": [
      "丑",
      "净",
      "旦",
      "杂",
      "生"
    ],
    "confusion_matrix": [
      [
        836,
        109,
        51,
        8,
        141
      ],
      [
        114,
        1095,
        13,
        7,
        374
      ],
      [
        132,
        29,
        1238,
        0,
        132
      ],
      [
        10,
        1,
        0,
        17,
        2
      ],
      [
        170,
        411,
        74,
        5,
        2459
      ]
    ]
  },
  "group_play_cv": {
    "macro_f1": 0.6962650371434788,
    "official_macro_f1": 0.7549466810447332,
    "report": {
      "丑": {
        "precision": 0.6731707317073171,
        "recall": 0.7231441048034934,
        "f1-score": 0.6972631578947368,
        "support": 1145.0
      },
      "净": {
        "precision": 0.6626578472639808,
        "recall": 0.6874610106051154,
        "f1-score": 0.6748315982853643,
        "support": 1603.0
      },
      "旦": {
        "precision": 0.908357771260997,
        "recall": 0.8092749836708034,
        "f1-score": 0.8559585492227979,
        "support": 1531.0
      },
      "杂": {
        "precision": 0.375,
        "recall": 0.6,
        "f1-score": 0.46153846153846156,
        "support": 30.0
      },
      "生": {
        "precision": 0.7912263848863272,
        "recall": 0.7922411029176017,
        "f1-score": 0.7917334187760333,
        "support": 3119.0
      },
      "accuracy": 0.7617124394184168,
      "macro avg": {
        "precision": 0.6820825470237244,
        "recall": 0.7224242403994028,
        "f1-score": 0.6962650371434788,
        "support": 7428.0
      },
      "weighted avg": {
        "precision": 0.7677439228904255,
        "recall": 0.7617124394184168,
        "f1-score": 0.7638471450874553,
        "support": 7428.0
      }
    },
    "labels": [
      "丑",
      "净",
      "旦",
      "杂",
      "生"
    ],
    "confusion_matrix": [
      [
        828,
        121,
        48,
        10,
        138
      ],
      [
        103,
        1102,
        14,
        9,
        375
      ],
      [
        126,
        29,
        1239,
        0,
        137
      ],
      [
        8,
        2,
        0,
        18,
        2
      ],
      [
        165,
        409,
        63,
        11,
        2471
      ]
    ]
  },
  "baselines": [
    {
      "name": "多数类",
      "macro_f1": 0.1182895610126102
    },
    {
      "name": "随机森林",
      "macro_f1": 0.5515608941511292
    },
    {
      "name": "逻辑回归(采用)",
      "macro_f1": 0.7035776003817068
    }
  ],
  "calibration": {
    "brier": 0.3489,
    "curve": [
      {
        "bin": 0.25,
        "mean_confidence": 0.285,
        "accuracy": 0.158,
        "count": 19
      },
      {
        "bin": 0.35,
        "mean_confidence": 0.364,
        "accuracy": 0.444,
        "count": 354
      },
      {
        "bin": 0.45,
        "mean_confidence": 0.456,
        "accuracy": 0.523,
        "count": 1007
      },
      {
        "bin": 0.55,
        "mean_confidence": 0.549,
        "accuracy": 0.613,
        "count": 1218
      },
      {
        "bin": 0.65,
        "mean_confidence": 0.65,
        "accuracy": 0.742,
        "count": 1179
      },
      {
        "bin": 0.75,
        "mean_confidence": 0.751,
        "accuracy": 0.859,
        "count": 1233
      },
      {
        "bin": 0.85,
        "mean_confidence": 0.848,
        "accuracy": 0.925,
        "count": 1195
      },
      {
        "bin": 0.95,
        "mean_confidence": 0.963,
        "accuracy": 0.958,
        "count": 1223
      }
    ]
  },
  "confidence_bands": {
    "thresholds": {
      "高": ">=0.75",
      "中": "0.55-0.75",
      "低": "<0.55"
    },
    "all": {
      "高": {
        "count": 10223,
        "ratio": 0.4551
      },
      "中": {
        "count": 6337,
        "ratio": 0.2821
      },
      "低": {
        "count": 5902,
        "ratio": 0.2628
      },
      "total": 22462
    },
    "inferred": {
      "高": {
        "count": 5670,
        "ratio": 0.3771
      },
      "中": {
        "count": 4129,
        "ratio": 0.2746
      },
      "低": {
        "count": 5235,
        "ratio": 0.3482
      },
      "total": 15034
    },
    "by_pred_role": {
      "丑": {
        "total": 4013,
        "mean_confidence": 0.634,
        "low_count": 1537,
        "low_ratio": 0.383
      },
      "净": {
        "total": 3376,
        "mean_confidence": 0.601,
        "low_count": 1472,
        "low_ratio": 0.436
      },
      "旦": {
        "total": 1094,
        "mean_confidence": 0.794,
        "low_count": 192,
        "low_ratio": 0.1755
      },
      "杂": {
        "total": 3395,
        "mean_confidence": 0.864,
        "low_count": 289,
        "low_ratio": 0.0851
      },
      "生": {
        "total": 3156,
        "mean_confidence": 0.551,